,id,smiles
0,DB00050,CC(=O)N[C@H](Cc1ccc2ccccc2c1)C(=O)N[C@H](Cc1ccc(Cl)cc1)C(=O)N[C@H](Cc1cccnc1)C(=O)N[C@@H](CO)C(=O)N[C@@H](Cc1ccc(O)cc1)C(=O)N[C@H](CCCNC(N)=O)C(=O)N[C@@H](CC(C)C)C(=O)N[C@@H](CCCNC(=N)N)C(=O)N1CCC[C@H]1C(=O)N[C@H](C)C(N)=O
1,DB00152,Cc1ncc(C[n+]2csc(CCO)c2C)c(N)n1
2,DB00162,CC1=C(/C=C/C(C)=C/C=C/C(C)=C/CO)C(C)(C)CCC1
3,DB00175,CC[C@H](C)C(=O)O[C@H]1C[C@H](O)C=C2C=C[C@H](C)[C@H](CC[C@@H](O)C[C@@H](O)CC(=O)O)[C@H]21
4,DB00176,COCCCC/C(=N\OCCN)c1ccc(C(F)(F)F)cc1
5,DB00177,CCCCC(=O)N(Cc1ccc(-c2ccccc2-c2nn[nH]n2)cc1)[C@H](C(=O)O)C(C)C
6,DB00178,CCOC(=O)[C@H](CCc1ccccc1)N[C@@H](C)C(=O)N1[C@H](C(=O)O)C[C@@H]2CCC[C@@H]21
7,DB00180,CC1(C)O[C@@H]2C[C@H]3[C@@H]4C[C@H](F)C5=CC(=O)C=C[C@]5(C)[C@H]4[C@@H](O)C[C@]3(C)[C@]2(C(=O)CO)O1
8,DB00181,NCC(CC(=O)O)c1ccc(Cl)cc1
9,DB00182,CC(N)Cc1ccccc1
10,DB00184,CN1CCC[C@H]1c1cccnc1
11,DB00185,CC1O[C@@]2(CS1)CN1CCC2CC1
12,DB00186,O=C1Nc2ccc(Cl)cc2C(c2ccccc2Cl)=NC1O
13,DB00187,COC(=O)CCc1ccc(OCC(O)CNC(C)C)cc1
14,DB00188,CC(C)C[C@H](NC(=O)[C@H](Cc1ccccc1)NC(=O)c1cnccn1)B(O)O
15,DB00191,CC(C)(N)Cc1ccccc1
16,DB00193,COc1cccc([C@@]2(O)CCCC[C@@H]2CN(C)C)c1
17,DB00195,CC(C)NCC(O)COc1ccc(CCOCC2CC2)cc1
18,DB00196,OC(Cn1cncn1)(Cn1cncn1)c1ccc(F)cc1F
19,DB00197,Cc1c(C)c2c(c(C)c1O)CCC(C)(COc1ccc(CC3SC(=O)NC3=O)cc1)O2
20,DB00198,CCOC(=O)C1=C[C@@H](OC(CC)CC)[C@H](NC(C)=O)[C@@H](N)C1
21,DB00199,CC[C@H]1OC(=O)[C@H](C)[C@@H](O[C@H]2C[C@@](C)(OC)[C@@H](O)[C@H](C)O2)[C@H](C)[C@@H](O[C@@H]2O[C@H](C)C[C@H](N(C)C)[C@H]2O)[C@](C)(O)C[C@@H](C)C(=O)[C@H](C)[C@@H](O)[C@]1(C)O
22,DB00200,CC1=C2[N+]3=C(C=C4[N+]5=C(C(C)=C6N7[C@@H]8[C@H](CC(N)=O)[C@@]6(C)CCC(=O)NC[C@@H](C)OP(=O)([O-])O[C@@H]6[C@@H](CO)O[C@@H]([C@@H]6O)n6c[n+](c9cc(C)c(C)cc96)[Co-3]753(O)[N+]3=C1[C@@H](CCC(N)=O)[C@](C)(CC(N)=O)[C@]83C)[C@@H](CCC(N)=O)C4(C)C)[C@@H](CCC(N)=O)[C@]2(C)CC(N)=O
23,DB00201,Cn1c(=O)c2c(ncn2C)n(C)c1=O
24,DB00202,C[N+](C)(C)CCOC(=O)CCC(=O)OCC[N+](C)(C)C
25,DB00203,CCCc1nn(C)c2c(=O)[nH]c(-c3cc(S(=O)(=O)N4CCN(C)CC4)ccc3OCC)nc12
26,DB00204,CN(CCOc1ccc(NS(C)(=O)=O)cc1)CCc1ccc(NS(C)(=O)=O)cc1
27,DB00205,CCc1nc(N)nc(N)c1-c1ccc(Cl)cc1
28,DB00206,COC(=O)[C@H]1[C@H]2C[C@@H]3c4[nH]c5cc(OC)ccc5c4CCN3C[C@H]2C[C@@H](OC(=O)c2cc(OC)c(OC)c(OC)c2)[C@@H]1OC
29,DB00207,CC[C@H]1OC(=O)[C@H](C)[C@@H](O[C@H]2C[C@@](C)(OC)[C@@H](O)[C@H](C)O2)[C@H](C)[C@@H](O[C@@H]2O[C@H](C)C[C@H](N(C)C)[C@H]2O)[C@](C)(O)C[C@@H](C)CN(C)[C@H](C)[C@@H](O)[C@]1(C)O
30,DB00208,Clc1ccccc1CN1CCc2sccc2C1
31,DB00210,COc1ccc(-c2ccc3cc(C(=O)O)ccc3c2)cc1C12CC3CC(CC(C3)C1)C2
32,DB00211,COc1ccc(OC)c(C(O)CNC(=O)CN)c1
33,DB00213,COc1ccnc(CS(=O)c2nc3ccc(OC(F)F)cc3[nH]2)c1OC
34,DB00215,CN(C)CCCC1(c2ccc(F)cc2)OCc2cc(C#N)ccc21
35,DB00216,CN1CCC[C@@H]1Cc1c[nH]c2ccc(CCS(=O)(=O)c3ccccc3)cc12
36,DB00218,COc1c(N2C[C@@H]3CCCN[C@@H]3C2)c(F)cc2c(=O)c(C(=O)O)cn(C3CC3)c12
37,DB00220,Cc1c(O)cccc1C(=O)N[C@@H](CSc1ccccc1)[C@H](O)CN1C[C@H]2CCCC[C@H]2C[C@H]1C(=O)NC(C)(C)C
38,DB00222,CCC1=C(C)CN(C(=O)NCCc2ccc(S(=O)(=O)NC(=O)N[C@H]3CC[C@H](C)CC3)cc2)C1=O
39,DB00224,CC(C)(C)NC(=O)[C@@H]1CN(Cc2cccnc2)CCN1C[C@@H](O)C[C@@H](Cc1ccccc1)C(=O)N[C@H]1c2ccccc2C[C@H]1O
40,DB00227,CC[C@H](C)C(=O)O[C@H]1C[C@@H](C)C=C2C=C[C@H](C)[C@H](CC[C@@H]3C[C@@H](O)CC(=O)O3)[C@H]21
41,DB00228,FC(F)OC(F)(F)C(F)Cl
42,DB00230,CC(C)C[C@H](CN)CC(=O)O
43,DB00231,CN1C(=O)C(O)N=C(c2ccccc2)c2cc(Cl)ccc21
44,DB00235,Cc1[nH]c(=O)c(C#N)cc1-c1ccncc1
45,DB00238,Cc1ccnc2c1NC(=O)c1cccnc1N2C1CC1
46,DB00242,Nc1nc(Cl)nc2c1ncn2[C@H]1C[C@H](O)[C@@H](CO)O1
47,DB00243,COc1ccccc1OCC(O)CN1CCN(CC(=O)Nc2c(C)cccc2C)CC1
48,DB00246,O=C1Cc2cc(CCN3CCN(c4nsc5ccccc45)CC3)c(Cl)cc2N1
49,DB00247,CCC(CO)NC(=O)[C@@H]1C=C2c3cccc4c3c(cn4C)C[C@H]2N(C)C1
50,DB00248,C=CCN1C[C@H](C(=O)N(CCCN(C)C)C(=O)NCC)C[C@@H]2c3cccc4[nH]cc(c34)C[C@H]21
51,DB00250,Nc1ccc(S(=O)(=O)c2ccc(N)cc2)cc1
52,DB00252,O=C1NC(=O)C(c2ccccc2)(c2ccccc2)N1
53,DB00254,C[C@H]1c2cccc(O)c2C(=O)C2=C(O)[C@]3(O)C(=O)C(C(N)=O)=C(O)[C@@H](N(C)C)[C@@H]3[C@@H](O)[C@@H]21
54,DB00257,Clc1ccccc1C(c1ccccc1)(c1ccccc1)n1ccnc1
55,DB00261,O=C1CN2Cc3c(ccc(Cl)c3Cl)N=C2N1
56,DB00263,Cc1noc(NS(=O)(=O)c2ccc(N)cc2)c1C
57,DB00264,COCCc1ccc(OCC(O)CNC(C)C)cc1
58,DB00268,CCCN(CCC)CCc1cccc2c1CC(=O)N2
59,DB00271,CC(=O)Nc1c(I)c(NC(C)=O)c(I)c(C(=O)O)c1I
60,DB00273,CC1(C)O[C@@H]2CO[C@@]3(COS(N)(=O)=O)OC(C)(C)O[C@H]3[C@@H]2O1
61,DB00276,COc1cc(NS(C)(=O)=O)ccc1Nc1c2ccccc2nc2ccccc12
62,DB00277,Cn1c(=O)c2[nH]cnc2n(C)c1=O
63,DB00278,CC1CNc2c(cccc2S(=O)(=O)N[C@@H](CCCNC(=N)N)C(=O)N2CC[C@@H](C)C[C@@H]2C(=O)O)C1
64,DB00280,CC(C)N(CCC(C(N)=O)(c1ccccc1)c1ccccn1)C(C)C
65,DB00281,CCN(CC)CC(=O)Nc1c(C)cccc1C
66,DB00282,NCCC(O)(P(=O)(O)O)P(=O)(O)O
67,DB00283,CN1CCC[C@@H]1CCO[C@](C)(c1ccccc1)c1ccc(Cl)cc1
68,DB00284,C[C@H]1O[C@H](O[C@@H]2[C@@H](CO)O[C@H](O[C@H]([C@H](O)CO)[C@H](O)[C@@H](O)C=O)[C@H](O)[C@H]2O)[C@H](O)[C@@H](O)[C@@H]1N[C@H]1C=C(CO)[C@@H](O)[C@H](O)[C@H]1O
69,DB00285,COc1ccc(C(CN(C)C)C2(O)CCCCC2)cc1
70,DB00287,CC(C)OC(=O)CCC/C=C\C[C@H]1[C@@H](O)C[C@@H](O)[C@@H]1/C=C/[C@@H](O)COc1cccc(C(F)(F)F)c1
71,DB00288,CC(=O)OCC(=O)[C@@]12OC3(CCCC3)O[C@@H]1C[C@H]1[C@@H]3CCC4=CC(=O)C=C[C@]4(C)[C@@]3(F)[C@@H](O)C[C@@]12C
72,DB00289,CNCC[C@@H](Oc1ccccc1C)c1ccccc1
73,DB00291,O=C(O)CCCc1ccc(N(CCCl)CCCl)cc1
74,DB00292,CCOC(=O)c1cncn1[C@H](C)c1ccccc1
75,DB00293,Cc1nc(=O)c2cc(CN(C)c3ccc(C(=O)N[C@@H](CCC(=O)O)C(=O)O)s3)ccc2[nH]1
76,DB00295,CN1CC[C@]23c4c5ccc(O)c4O[C@H]2[C@@H](O)C=C[C@H]3[C@H]1C5
77,DB00296,CCCN1CCCC[C@H]1C(=O)Nc1c(C)cccc1C
78,DB00297,CCCCN1CCCCC1C(=O)Nc1c(C)cccc1C
79,DB00299,Nc1nc(=O)c2ncn(CCC(CO)CO)c2[nH]1
80,DB00302,NC[C@H]1CC[C@H](C(=O)O)CC1
81,DB00303,C[C@@H](O)[C@H]1C(=O)N2C(C(=O)O)=C(S[C@@H]3CN[C@H](C(=O)Nc4cccc(C(=O)O)c4)C3)[C@H](C)[C@H]12
82,DB00307,C=C(c1ccc(C(=O)O)cc1)c1cc2c(cc1C)C(C)(C)CCC2(C)C
83,DB00308,CCCCCCCN(CC)CCCC(O)c1ccc(NS(C)(=O)=O)cc1
84,DB00310,NS(=O)(=O)c1cc(C2(O)NC(=O)c3ccccc32)ccc1Cl
85,DB00312,CCCC(C)C1(CC)C(=O)NC(=O)NC1=O
86,DB00313,CCCC(CCC)C(=O)O
87,DB00315,CN(C)CCc1c[nH]c2ccc(C[C@H]3COC(=O)N3)cc12
88,DB00316,CC(=O)Nc1ccc(O)cc1
89,DB00317,COc1cc2ncnc(Nc3ccc(F)c(Cl)c3)c2cc1OCCCN1CCOCC1
90,DB00318,COc1ccc2c3c1O[C@H]1[C@@H](O)C=C[C@H]4[C@@H](C2)N(C)CC[C@]314
91,DB00319,CCN1CCN(C(=O)N[C@@H](C(=O)N[C@@H]2C(=O)N3[C@@H](C(=O)O)C(C)(C)S[C@H]23)c2ccccc2)C(=O)C1=O
92,DB00320,CN1C[C@H](C(=O)N[C@]2(C)O[C@@]3(O)[C@@H]4CCCN4C(=O)[C@H](Cc4ccccc4)N3C2=O)C[C@@H]2c3cccc4[nH]cc(c34)C[C@H]21
93,DB00321,CN(C)CCC=C1c2ccccc2CCc2ccccc21
94,DB00323,Cc1ccc(C(=O)c2cc(O)c(O)c([N+](=O)[O-])c2)cc1
95,DB00324,CC(=O)[C@@]1(O)CC[C@H]2[C@@H]3C[C@H](C)C4=CC(=O)C=C[C@]4(C)[C@@]3(F)[C@@H](O)C[C@@]21C
96,DB00327,CN1CC[C@]23c4c5ccc(O)c4O[C@H]2C(=O)CC[C@H]3[C@H]1C5
97,DB00328,COc1ccc2c(c1)c(CC(=O)O)c(C)n2C(=O)c1ccc(Cl)cc1
98,DB00330,CC[C@@H](CO)NCCN[C@@H](CC)CO
99,DB00331,CN(C)C(=N)NC(=N)N
100,DB00333,CCC(=O)C(CC(C)N(C)C)(c1ccccc1)c1ccccc1
101,DB00334,Cc1cc2c(s1)Nc1ccccc1N=C2N1CCN(C)CC1
102,DB00335,CC(C)NCC(O)COc1ccc(CC(N)=O)cc1
103,DB00337,CC[C@@H]1/C=C(\C)C[C@H](C)C[C@H](OC)[C@H]2O[C@@](O)(C(=O)C(=O)N3CCCC[C@H]3C(=O)O[C@H](/C(C)=C/[C@@H]3CC[C@H](Cl)[C@H](OC)C3)[C@H](C)[C@@H](O)CC1=O)[C@H](C)C[C@@H]2OC
104,DB00338,COc1ccc2nc(S(=O)Cc3ncc(C)c(OC)c3C)[nH]c2c1
105,DB00339,NC(=O)c1cnccn1
106,DB00341,O=C(O)COCCN1CCN(C(c2ccccc2)c2ccc(Cl)cc2)CC1
107,DB00343,COc1ccc([C@@H]2Sc3ccccc3N(CCN(C)C)C(=O)[C@@H]2OC(C)=O)cc1
108,DB00344,CNCCCC1c2ccccc2C=Cc2ccccc21
109,DB00346,COc1cc2nc(N(C)CCCNC(=O)C3CCCO3)nc(N)c2cc1OC
110,DB00349,CN1C(=O)CC(=O)N(c2ccccc2)c2cc(Cl)ccc21
111,DB00350,Nc1cc(N2CCCCC2)nc(N)[n+]1[O-]
112,DB00351,CC(=O)O[C@]1(C(C)=O)CC[C@H]2[C@@H]3C=C(C)C4=CC(=O)CC[C@]4(C)[C@H]3CC[C@@]21C
113,DB00355,C[C@H]1[C@H](NC(=O)/C(=N\OC(C)(C)C(=O)O)c2csc([NH3+])n2)C(=O)N1S(=O)(=O)[O-]
114,DB00356,O=c1[nH]c2cc(Cl)ccc2o1
115,DB00357,CCC1(c2ccc(N)cc2)CCC(=O)NC1=O
116,DB00358,OC(c1cc(C(F)(F)F)nc2c(C(F)(F)F)cccc12)C1CCCCN1
117,DB00359,Nc1ccc(S(=O)(=O)Nc2ncccn2)cc1
118,DB00361,CCC1=C[C@@H]2CN(C1)Cc1c([nH]c3ccccc13)[C@@](C(=O)OC)(c1cc3c(cc1OC)N(C)[C@H]1[C@@](O)(C(=O)OC)[C@H](OC(C)=O)[C@]4(CC)C=CCN5CC[C@]31[C@@H]54)C2
119,DB00362,CCCCCOc1ccc(-c2ccc(-c3ccc(C(=O)N[C@H]4C[C@@H](O)[C@@H](O)NC(=O)[C@@H]5[C@@H](O)[C@@H](C)CN5C(=O)[C@H]([C@@H](C)O)NC(=O)[C@H]([C@H](O)[C@@H](O)c5ccc(O)cc5)NC(=O)[C@@H]5C[C@@H](O)CN5C(=O)[C@H]([C@@H](C)O)NC4=O)cc3)cc2)cc1
120,DB00363,CN1CCN(C2=Nc3cc(Cl)ccc3Nc3ccccc32)CC1
121,DB00364,O.O=S(=O)(OC[C@H]1O[C@H](O[C@]2(COS(=O)(=O)O[Al](O)O)O[C@H](COS(=O)(=O)O[Al](O)O)[C@@H](OS(=O)(=O)O[Al](O)O)[C@@H]2OS(=O)(=O)O[Al](O)O)[C@H](OS(=O)(=O)O[Al](O)O)[C@@H](OS(=O)(=O)O[Al](O)O)[C@@H]1OS(=O)(=O)O[Al](O)O)O[Al](O)O.O[Al](O)O
122,DB00367,C#C[C@]1(O)CC[C@H]2[C@@H]3CCC4=CC(=O)CC[C@@H]4[C@H]3CC[C@@]21CC
123,DB00368,NC[C@H](O)c1ccc(O)c(O)c1
124,DB00369,Nc1ccn(C[C@@H](CO)OCP(=O)(O)O)c(=O)n1
125,DB00370,CN1CCN2c3ncccc3Cc3ccccc3C2C1
126,DB00371,CCCC(C)(COC(N)=O)COC(N)=O
127,DB00373,CC(C)(C)NC[C@H](O)COc1nsnc1N1CCOCC1
128,DB00374,CCCCC[C@H](O)CC[C@@H]1[C@H]2Cc3cccc(OCC(=O)O)c3C[C@H]2C[C@H]1O
129,,C1C(O1)CCl.C(CNCCNCCNCCN)N
130,DB00376,OC(CCN1CCCCC1)(c1ccccc1)C1CCCCC1
131,DB00377,O=C1c2cccc3c2[C@H](CCC3)CN1[C@@H]1CN2CCC1CC2
132,DB00379,Cc1cccc(C)c1OCC(C)N
133,DB00381,CCOC(=O)C1=C(COCCN)NC(C)=C(C(=O)OC)C1c1ccccc1Cl
134,DB00382,Nc1c2c(nc3ccccc13)CCCC2
135,DB00384,Nc1nc(N)c2nc(-c3ccccc3)c(N)nc2n1
136,DB00388,CNC[C@H](O)c1cccc(O)c1
137,DB00390,C[C@H]1O[C@@H](O[C@H]2[C@@H](O)C[C@H](O[C@H]3[C@@H](O)C[C@H](O[C@H]4CC[C@]5(C)[C@H]6C[C@@H](O)[C@]7(C)[C@@H](C8=CC(=O)OC8)CC[C@]7(O)[C@@H]6CC[C@@H]5C4)O[C@@H]3C)O[C@@H]2C)C[C@H](O)[C@@H]1O
138,DB00393,COCCOC(=O)C1=C(C)NC(C)=C(C(=O)OC(C)C)C1c1cccc([N+](=O)[O-])c1
139,DB00395,CCCC(C)(COC(N)=O)COC(=O)NC(C)C
140,DB00396,CC(=O)[C@H]1CC[C@H]2[C@@H]3CCC4=CC(=O)CC[C@]4(C)[C@H]3CC[C@]12C
141,DB00398,CNC(=O)c1cc(Oc2ccc(NC(=O)Nc3ccc(Cl)c(C(F)(F)F)c3)cc2)ccn1
142,DB00400,COC1=CC(=O)C[C@@H](C)[C@]12Oc1c(Cl)c(OC)cc(OC)c1C2=O
143,DB00401,COC(=O)C1=C(C)NC(C)=C(C(=O)OCC(C)C)C1c1ccccc1[N+](=O)[O-]
144,DB00404,Cc1nnc2n1-c1ccc(Cl)cc1C(c1ccccc1)=NC2
145,DB00408,CN1CCN(C2=Nc3ccccc3Oc3ccc(Cl)cc32)CC1
146,DB00411,C[N+](C)(C)CCOC(N)=O
147,DB00412,CN(CCOc1ccc(CC2SC(=O)NC2=O)cc1)c1ccccn1
148,DB00413,CCCN[C@H]1CCc2nc(N)sc2C1
149,DB00415,CC1(C)S[C@@H]2[C@H](NC(=O)[C@H](N)c3ccccc3)C(=O)N2[C@H]1C(=O)O
150,DB00417,CC1(C)S[C@@H]2[C@H](NC(=O)COc3ccccc3)C(=O)N2[C@H]1C(=O)O
151,DB00418,C=CCC1(C(C)CCC)C(=O)NC(=O)NC1=O
152,DB00419,CCCCN1C[C@H](O)[C@@H](O)[C@H](O)[C@H]1CO
153,DB00421,CC(=O)S[C@@H]1CC2=CC(=O)CC[C@]2(C)[C@H]2CC[C@@]3(C)[C@@H](CC[C@@]34CCC(=O)O4)[C@@H]21
154,DB00422,COC(=O)C(c1ccccc1)C1CCCCN1
155,DB00423,COc1ccccc1OCC(O)COC(N)=O
156,DB00425,Cc1ccc(-c2nc3ccc(C)cn3c2CC(=O)N(C)C)cc1
157,DB00426,CC(=O)OCC(CCn1cnc2cnc(N)nc21)COC(C)=O
158,DB00431,Cl[C@H]1[C@H](Cl)[C@@H](Cl)[C@@H](Cl)[C@H](Cl)[C@H]1Cl
159,DB00433,CN1CCN(CCCN2c3ccccc3Sc3ccc(Cl)cc32)CC1
160,DB00434,CN1CCC(=C2c3ccccc3C=Cc3ccccc32)CC1
161,DB00437,Oc1ncnc2[nH]ncc12
162,DB00438,CC(C)(O/N=C(\C(=O)N[C@@H]1C(=O)N2C(C(=O)[O-])=C(C[n+]3ccccc3)CS[C@H]12)c1csc(N)n1)C(=O)O
163,DB00439,COCc1c(C(C)C)nc(C(C)C)c(/C=C/[C@@H](O)C[C@@H](O)CC(=O)O)c1-c1ccc(F)cc1
164,DB00440,COc1cc(Cc2cnc(N)nc2N)cc(OC)c1OC
165,DB00441,Nc1ccn([C@@H]2O[C@H](CO)[C@@H](O)C2(F)F)c(=O)n1
166,DB00442,C=C1[C@@H](n2cnc3c(=O)nc(N)[nH]c32)C[C@H](O)[C@H]1CO
167,DB00444,COc1cc([C@@H]2c3cc4c(cc3[C@@H](O[C@@H]3O[C@@H]5CO[C@@H](c6cccs6)O[C@H]5[C@H](O)[C@H]3O)[C@H]3COC(=O)[C@H]23)OCO4)cc(OC)c1O
168,DB00446,O=C(N[C@H](CO)[C@H](O)c1ccc([N+](=O)[O-])cc1)C(Cl)Cl
169,DB00448,Cc1c(OCC(F)(F)F)ccnc1CS(=O)c1nc2ccccc2[nH]1
170,DB00449,CNCC(O)c1ccc(OC(=O)C(C)(C)C)c(OC(=O)C(C)(C)C)c1
171,DB00450,O=C(CCCN1CC=C(n2c(=O)[nH]c3ccccc32)CC1)c1ccc(F)cc1
172,DB00454,CCOC(=O)C1(c2ccccc2)CCN(C)CC1
173,DB00455,CCOC(=O)N1CCC(=C2c3ccc(Cl)cc3CCc3cccnc32)CC1
174,DB00457,COc1cc2nc(N3CCN(C(=O)c4ccco4)CC3)nc(N)c2cc1OC
175,DB00458,CN(C)CCCN1c2ccccc2CCc2ccccc21
176,DB00459,COc1cc(C)c(/C=C/C(C)=C/C=C/C(C)=C/C(=O)O)c(C)c1C
177,DB00460,C=Cc1c(C)c2cc3nc(cc4[nH]c(cc5nc(cc1[nH]2)C(C)=C5CCC(=O)O)c(CCC(=O)OC)c4C)[C@@]1(C)C3=CC=C(C(=O)OC)[C@H]1C(=O)OC
178,DB00461,COc1ccc2cc(CCC(C)=O)ccc2c1
179,DB00465,O=C(c1ccccc1)c1ccc2n1CCC2C(=O)O
180,DB00471,CC(C)(O)c1ccccc1CC[C@@H](SCC1(CC(=O)O)CC1)c1cccc(/C=C/c2ccc3ccc(Cl)cc3n2)c1
181,DB00472,CNCCC(Oc1ccc(C(F)(F)F)cc1)c1ccccc1
182,DB00474,C=CCC1(C(C)C#CCC)C(=O)NC(=O)N(C)C1=O
183,DB00475,CNC1=Nc2ccc(Cl)cc2C(c2ccccc2)=[N+]([O-])C1
184,DB00476,CNCC[C@H](Oc1cccc2ccccc12)c1cccs1
185,DB00477,CN(C)CCCN1c2ccccc2Sc2ccc(Cl)cc21
186,DB00478,CC(N)C12CC3CC(CC(C3)C1)C2
187,DB00479,NCC[C@H](O)C(=O)N[C@@H]1C[C@H](N)[C@@H](O[C@H]2O[C@H](CN)[C@@H](O)[C@H](O)[C@H]2O)[C@H](O)[C@H]1O[C@H]1O[C@H](CO)[C@@H](O)[C@H](N)[C@H]1O
188,DB00480,Nc1cccc2c1CN(C1CCC(=O)NC1=O)C2=O
189,DB00481,O=C(c1ccc(OCCN2CCCCC2)cc1)c1c(-c2ccc(O)cc2)sc2cc(O)ccc12
190,DB00482,Cc1ccc(-c2cc(C(F)(F)F)nn2-c2ccc(S(N)(=O)=O)cc2)cc1
191,DB00484,Brc1c(NC2=NCCN2)ccc2nccnc12
192,DB00485,Cc1onc(-c2c(Cl)cccc2Cl)c1C(=O)N[C@@H]1C(=O)N2[C@@H](C(=O)O)C(C)(C)S[C@H]12
193,DB00486,CCCCCCC(C)(C)c1cc(O)c2c(c1)OC(C)(C)[C@@H]1CCC(=O)C[C@@H]21
194,DB00489,CC(C)NCC(O)c1ccc(NS(C)(=O)=O)cc1
195,DB00490,O=C1CC2(CCCC2)CC(=O)N1CCCCN1CCN(c2ncccn2)CC1
196,DB00491,OCCN1C[C@H](O)[C@@H](O)[C@H](O)[C@H]1CO
197,DB00492,CCC(=O)O[C@@H](O[P@@](=O)(CCCCc1ccccc1)CC(=O)N1C[C@H](C2CCCCC2)C[C@H]1C(=O)O)C(C)C
198,DB00493,CO/N=C(\C(=O)N[C@@H]1C(=O)N2C(C(=O)O)=C(COC(C)=O)CS[C@H]12)c1csc(N)n1
199,DB00494,CCN(CC)C(=O)/C(C#N)=C/c1cc(O)c(O)c([N+](=O)[O-])c1
200,DB00495,Cc1cn([C@H]2C[C@H](N=[N+]=[N-])[C@@H](CO)O2)c(=O)[nH]c1=O
201,DB00496,NC(=O)C(c1ccccc1)(c1ccccc1)[C@@H]1CCN(CCc2ccc3c(c2)CCO3)C1
202,DB00497,COc1ccc2c3c1O[C@H]1C(=O)CC[C@@]4(O)[C@@H](C2)N(C)CC[C@]314
203,DB00499,CC(C)C(=O)Nc1ccc([N+](=O)[O-])c(C(F)(F)F)c1
204,DB00500,Cc1ccc(C(=O)c2ccc(CC(=O)O)n2C)cc1
205,DB00501,CN/C(=N/C#N)NCCSCc1nc[nH]c1C
206,DB00502,O=C(CCCN1CCC(O)(c2ccc(Cl)cc2)CC1)c1ccc(F)cc1
207,DB00503,CC(C)c1nc(CN(C)C(=O)N[C@H](C(=O)N[C@@H](Cc2ccccc2)C[C@H](O)[C@H](Cc2ccccc2)NC(=O)OCc2cncs2)C(C)C)cs1
208,DB00507,CC(=O)Oc1ccccc1C(=O)Nc1ncc([N+](=O)[O-])s1
209,DB00515,N[Pt](N)(Cl)Cl
210,DB00518,CCCSc1ccc2nc(NC(=O)OC)[nH]c2c1
211,DB00519,CCOC(=O)[C@H](CCc1ccccc1)N[C@@H](C)C(=O)N1[C@H](C(=O)O)C[C@H]2CCCC[C@@H]21
212,DB00520,CC[C@H](C)C[C@H](C)CCCCCCCCC(=O)N[C@H]1C[C@@H](O)[C@@H](NCCN)NC(=O)[C@@H]2[C@@H](O)CCN2C(=O)[C@H]([C@H](O)CCN)NC(=O)[C@H]([C@H](O)[C@@H](O)c2ccc(O)cc2)NC(=O)[C@@H]2C[C@@H](O)CN2C(=O)[C@H]([C@@H](C)O)NC1=O
213,DB00521,CC(C)(C)NCC(O)COc1cccc2c1CCC(=O)N2
214,DB00524,Cc1ccccc1N1C(=O)c2cc(S(N)(=O)=O)c(Cl)cc2NC1C
215,DB00526,O=C1O[Pt]2(N[C@@H]3CCCC[C@H]3N2)OC1=O
216,DB00529,O=C(O)P(=O)(O)O
217,DB00530,C#Cc1cccc(Nc2ncnc3cc(OCCOC)c(OCCOC)cc23)c1
218,DB00531,O=P1(N(CCCl)CCCl)NCCCO1
219,DB00532,CCC1(c2ccccc2)NC(=O)N(C)C1=O
220,DB00533,CS(=O)(=O)c1ccc(C2=C(c3ccccc3)C(=O)OC2)cc1
221,DB00535,C=CC1=C(C(=O)O)N2C(=O)[C@@H](NC(=O)/C(=N\O)c3csc(N)n3)[C@H]2SC1
222,DB00537,O=C(O)c1cn(C2CC2)c2cc(N3CCNCC3)c(F)cc2c1=O
223,DB00538,COCCNC(=O)CN(CCN(CCN(CC(=O)[O-])CC(=O)NCCOC)CC(=O)[O-])CC(=O)[O-].[Gd+3]
224,DB00539,CN(C)CCOc1ccc(/C(=C(/CCCl)c2ccccc2)c2ccccc2)cc1
225,DB00540,CNCCC=C1c2ccccc2CCc2ccccc21
226,DB00541,CC[C@]1(O)C[C@@H]2CN(CCc3c([nH]c4ccccc34)[C@@](C(=O)OC)(c3cc4c(cc3OC)N(C=O)[C@H]3[C@@](O)(C(=O)OC)[C@H](OC(C)=O)[C@]5(CC)C=CCN6CC[C@]43[C@@H]65)C2)C1
227,DB00542,CCOC(=O)[C@H](CCc1ccccc1)N[C@H]1CCc2ccccc2N(CC(=O)O)C1=O
228,DB00543,Clc1ccc2c(c1)C(N1CCNCC1)=Nc1ccccc1O2
229,DB00547,C[C@@H]1C[C@H]2[C@@H]3CCC4=CC(=O)C=C[C@]4(C)[C@@]3(F)[C@@H](O)C[C@]2(C)[C@H]1C(=O)CO
230,DB00548,O=C(O)CCCCCCCC(=O)O
231,DB00549,COc1cc(C(=O)NS(=O)(=O)c2ccccc2C)ccc1Cc1cn(C)c2ccc(NC(=O)OC3CCCC3)cc12
232,DB00550,CCCc1cc(=O)[nH]c(=S)[nH]1
233,DB00554,CN1C(C(=O)Nc2ccccn2)=C(O)c2ccccc2S1(=O)=O
234,DB00555,Nc1nnc(-c2cccc(Cl)c2Cl)c(N)n1
235,DB00557,OCCOCCN1CCN(C(c2ccccc2)c2ccc(Cl)cc2)CC1
236,DB00559,COc1ccccc1Oc1c(NS(=O)(=O)c2ccc(C(C)(C)C)cc2)nc(-c2ncccn2)nc1OCCO
237,DB00560,CN(C)c1cc(NC(=O)CNC(C)(C)C)c(O)c2c1C[C@H]1C[C@H]3[C@H](N(C)C)C(O)=C(C(N)=O)C(=O)[C@@]3(O)C(O)=C1C2=O
238,DB00561,CCN1CC(CCN2CCOCC2)C(c2ccccc2)(c2ccccc2)C1=O
239,DB00563,CN(Cc1cnc2nc(=N)[nH]c(N)c2n1)c1ccc(C(=O)N[C@@H](CCC(=O)O)C(=O)O)cc1
240,DB00564,NC(=O)N1c2ccccc2C=Cc2ccccc21
241,DB00567,CC1=C(C(=O)O)N2C(=O)[C@@H](NC(=O)[C@H](N)c3ccccc3)[C@H]2SC1
242,DB00571,CC(C)NCC(O)COc1cccc2ccccc12
243,DB00572,CN1[C@H]2CC[C@@H]1C[C@H](OC(=O)C(CO)c1ccccc1)C2
244,DB00573,CC(C(=O)O)c1cccc(Oc2ccccc2)c1
245,DB00575,Clc1cccc(Cl)c1NC1=NCCN1
246,DB00578,CC1(C)S[C@@H]2[C@H](NC(=O)C(C(=O)O)c3ccccc3)C(=O)N2[C@H]1C(=O)O
247,DB00580,Cc1onc(-c2ccccc2)c1-c1ccc(S(N)(=O)=O)cc1
248,DB00581,OC[C@H]1O[C@](O)(CO)[C@@H](O)[C@@H]1O[C@@H]1O[C@H](CO)[C@H](O)[C@H](O)[C@H]1O
249,DB00582,C[C@@H](c1ncncc1F)[C@](O)(Cn1cncn1)c1ccc(F)cc1F
250,DB00585,CNC(=C[N+](=O)[O-])NCCSCc1csc(CN(C)C)n1
251,DB00586,O=C(O)Cc1ccccc1Nc1c(Cl)cccc1Cl
252,DB00590,COc1cc2nc(N3CCN(C(=O)C4COc5ccccc5O4)CC3)nc(N)c2cc1OC
253,DB00591,CC1(C)O[C@@H]2C[C@H]3[C@@H]4C[C@H](F)C5=CC(=O)C=C[C@]5(C)[C@@]4(F)[C@@H](O)C[C@]3(C)[C@]2(C(=O)CO)O1
254,DB00593,CCC1(C)CC(=O)NC1=O
255,DB00594,N=C(N)NC(=O)c1nc(Cl)c(N)nc1N
256,DB00595,CN(C)[C@@H]1C(O)=C(C(N)=O)C(=O)[C@@]2(O)C(O)=C3C(=O)c4c(O)cccc4[C@@](C)(O)[C@H]3[C@H](O)[C@@H]12
257,DB00598,CC(CCc1ccccc1)NCC(O)c1ccc(O)c(C(N)=O)c1
258,DB00601,CC(=O)NC[C@H]1CN(c2ccc(N3CCOCC3)c(F)c2)C(=O)O1
259,DB00602,CC[C@@H](C)[C@H]1O[C@]2(CC[C@@H]1C)C[C@@H]1C[C@@H](C/C=C(\C)[C@@H](O[C@H]3C[C@H](OC)[C@@H](O[C@H]4C[C@H](OC)[C@@H](O)[C@H](C)O4)[C@H](C)O3)[C@@H](C)/C=C/C=C3\CO[C@@H]4[C@H](O)C(C)=C[C@@H](C(=O)O1)[C@]34O)O2.CO[C@H]1C[C@H](O[C@H]2[C@H](C)O[C@@H](O[C@@H]3/C(C)=C/C[C@@H]4C[C@@H](C[C@]5(CC[C@H](C)[C@@H](C(C)C)O5)O4)OC(=O)[C@@H]4C=C(C)[C@@H](O)[C@H]5OC/C(=C\C=C\[C@@H]3C)[C@@]45O)C[C@@H]2OC)O[C@@H](C)[C@@H]1O
260,DB00603,CC(=O)O[C@]1(C(C)=O)CC[C@H]2[C@@H]3C[C@H](C)C4=CC(=O)CC[C@]4(C)[C@H]3CC[C@@]21C
261,DB00605,CC1=C(CC(=O)O)c2cc(F)ccc2/C1=C\c1ccc(S(C)=O)cc1
262,DB00608,CCN(CC)CCCC(C)Nc1ccnc2cc(Cl)ccc12
263,DB00609,CCc1cc(C(N)=S)ccn1
264,DB00611,Oc1ccc2c(c1)[C@]13CCCC[C@@]1(O)[C@H](C2)N(CC1CCC1)CC3
265,DB00612,CC(C)NCC(O)COc1ccc(COCCOC(C)C)cc1
266,DB00615,CO[C@H]1/C=C/O[C@@]2(C)Oc3c(C)c(O)c4c(c3C2=O)C2=NC3(CCN(CC(C)C)CC3)NC2=C(NC(=O)/C(C)=C\C=C\[C@H](C)[C@H](O)[C@@H](C)[C@@H](O)[C@@H](C)[C@H](OC(C)=O)[C@@H]1C)C4=O
267,DB00618,CN(C)[C@@H]1C(O)=C(C(N)=O)C(=O)[C@@]2(O)C(O)=C3C(=O)c4c(O)ccc(Cl)c4[C@@H](O)[C@H]3C[C@@H]12
268,DB00619,Cc1ccc(NC(=O)c2ccc(CN3CCN(C)CC3)cc2)cc1Nc1nccc(-c2cccnc2)n1
269,DB00620,C[C@]12C[C@H](O)[C@@]3(F)[C@@H](CCC4=CC(=O)C=C[C@@]43C)[C@@H]1C[C@@H](O)[C@]2(O)C(=O)CO
270,DB00621,C[C@]12COC(=O)C[C@@H]1CC[C@@H]1[C@@H]2CC[C@@]2(C)[C@H]1CC[C@]2(C)O
271,DB00622,COC(=O)C1=C(C)NC(C)=C(C(=O)OCCN(C)Cc2ccccc2)C1c1cccc([N+](=O)[O-])c1
272,DB00623,OCCN1CCN(CCCN2c3ccccc3Sc3ccc(C(F)(F)F)cc32)CC1
273,DB00624,C[C@]12CC[C@H]3[C@@H](CCC4=CC(=O)CC[C@@]43C)[C@@H]1CC[C@@H]2O
274,DB00625,O=C1Nc2ccc(Cl)cc2[C@@](C#CC2CC2)(C(F)(F)F)O1
275,DB00630,NCCCC(O)(P(=O)(O)O)P(=O)(O)O
276,DB00631,Nc1nc(Cl)nc2c1ncn2[C@@H]1O[C@H](CO)[C@@H](O)[C@@H]1F
277,DB00633,Cc1cccc([C@H](C)c2c[nH]cn2)c1C
278,DB00635,C[C@]12CC(=O)[C@H]3[C@@H](CCC4=CC(=O)C=C[C@@]43C)[C@@H]1CC[C@]2(O)C(=O)CO
279,DB00640,Nc1ncnc2c1ncn2[C@@H]1O[C@H](CO)[C@@H](O)[C@H]1O
280,DB00641,CCC(C)(C)C(=O)O[C@H]1C[C@@H](C)C=C2C=C[C@H](C)[C@H](CC[C@@H]3C[C@@H](O)CC(=O)O3)[C@H]21
281,DB00642,Nc1nc(=O)c2c(CCc3ccc(C(=O)N[C@@H](CCC(=O)O)C(=O)O)cc3)c[nH]c2[nH]1
282,DB00646,C[C@@H]1OC(=O)CC(O)CC(O)CC(O)CCC(O)C(O)C[C@]2(O)CC(O)C(C(=O)O)C(CC(O[C@H]3O[C@H](C)[C@@H](O)[C@H](N)[C@@H]3O)/C=C/C=C/C=C/C=C/CC/C=C/C=C/[C@H](C)[C@@H](O)[C@H]1C)O2
283,DB00648,Clc1ccc(C(c2ccccc2Cl)C(Cl)Cl)cc1
284,DB00649,Cc1cn([C@H]2C=C[C@@H](CO)O2)c(=O)[nH]c1=O
285,DB00650,Nc1nc2c(c(=O)[nH]1)N(C=O)C(CNc1ccc(C(=O)N[C@@H](CCC(=O)O)C(=O)O)cc1)CN2
286,DB00651,Cn1c(=O)c2c(ncn2CC(O)CO)n(C)c1=O
287,DB00652,CC(C)=CCN1CC[C@@]2(C)c3cc(O)ccc3C[C@@H]1[C@@H]2C
288,DB00654,CC(C)OC(=O)CCC/C=C\C[C@H]1[C@@H](O)C[C@@H](O)[C@@H]1CC[C@@H](O)CCc1ccccc1
289,DB00656,O=c1n(CCCN2CCN(c3cccc(Cl)c3)CC2)nc2ccccn12
290,DB00657,CNC1(C)C2CCC(C2)C1(C)C
291,DB00659,CC(=O)NCCCS(=O)(=O)O
292,DB00661,COc1ccc(CCN(C)CCCC(C#N)(c2ccc(OC)c(OC)c2)C(C)C)cc1OC
293,DB00665,CC1(C)NC(=O)N(c2ccc([N+](=O)[O-])c(C(F)(F)F)c2)C1=O
294,DB00668,CNC[C@H](O)c1ccc(O)c(O)c1
295,DB00669,CNS(=O)(=O)Cc1ccc2[nH]cc(CCN(C)C)c2c1
296,DB00671,C=CC1=C(C(=O)O)N2C(=O)[C@@H](NC(=O)/C(=N\OCC(=O)O)c3csc(N)n3)[C@H]2SC1
297,DB00672,CCCNC(=O)NS(=O)(=O)c1ccc(Cl)cc1
298,DB00673,C[C@@H](O[C@H]1OCCN(Cc2n[nH]c(=O)[nH]2)[C@H]1c1ccc(F)cc1)c1cc(C(F)(F)F)cc(C(F)(F)F)c1
299,DB00674,COc1ccc2c3c1O[C@H]1C[C@@H](O)C=C[C@@]31CCN(C)C2
300,DB00675,CC/C(=C(\c1ccccc1)c1ccc(OCCN(C)C)cc1)c1ccccc1
301,DB00678,CCCCc1nc(Cl)c(CO)n1Cc1ccc(-c2ccccc2-c2nn[nH]n2)cc1
302,DB00679,CSc1ccc2c(c1)N(CCC1CCCCN1C)c1ccccc1S2
303,DB00680,CCOC(=O)Nc1ccc2c(c1)N(C(=O)CCN1CCOCC1)c1ccccc1S2
304,DB00681,C[C@@H]1OC(=O)C[C@H](O)C[C@H](O)CC[C@@H](O)[C@H](O)C[C@H](O)C[C@]2(O)C[C@H](O)[C@@H](C(=O)O)[C@H](C[C@@H](O[C@@H]3O[C@H](C)[C@@H](O)[C@H](N)[C@@H]3O)/C=C/C=C/C=C/C=C/C=C/C=C/C=C/[C@H](C)[C@@H](O)[C@H]1C)O2
305,DB00682,CC(=O)CC(c1ccccc1)c1c(O)c2ccccc2oc1=O
306,DB00683,Cc1ncc2n1-c1ccc(Cl)cc1C(c1ccccc1F)=NC2
307,DB00684,NC[C@H]1O[C@H](O[C@@H]2[C@@H](N)C[C@@H](N)[C@H](O[C@H]3O[C@H](CO)[C@@H](O)[C@H](N)[C@H]3O)[C@H]2O)[C@H](N)C[C@@H]1O
308,DB00685,N[C@H]1[C@@H]2CN(c3nc4c(cc3F)c(=O)c(C(=O)O)cn4-c3ccc(F)cc3F)C[C@H]12
309,DB00687,C[C@]12C[C@H](O)[C@@]3(F)[C@@H](CCC4=CC(=O)CC[C@@]43C)[C@@H]1CC[C@]2(O)C(=O)CO
310,DB00690,CCN(CC)CCN1C(=O)CN=C(c2ccccc2F)c2cc(Cl)ccc21
311,DB00691,CCOC(=O)[C@H](CCc1ccccc1)N[C@@H](C)C(=O)N1Cc2cc(OC)c(OC)cc2C[C@H]1C(=O)O
312,DB00692,Cc1ccc(N(CC2=NCCN2)c2cccc(O)c2)cc1
313,DB00693,O=C1OC2(c3ccc(O)cc3Oc3cc(O)ccc32)c2ccccc21
314,DB00694,COc1cccc2c1C(=O)c1c(O)c3c(c(O)c1C2=O)C[C@@](O)(C(C)=O)C[C@@H]3O[C@H]1C[C@H](N)[C@H](O)[C@H](C)O1
315,DB00695,NS(=O)(=O)c1cc(C(=O)O)c(NCc2ccco2)cc1Cl
316,DB00696,CN1C[C@H](C(=O)N[C@]2(C)O[C@@]3(O)[C@@H]4CCCN4C(=O)[C@H](Cc4ccccc4)N3C2=O)C=C2c3cccc4[nH]cc(c34)C[C@H]21
317,DB00697,Clc1ccc2nsnc2c1NC1=NCCN1
318,DB00698,O=C1CN(/N=C/c2ccc([N+](=O)[O-])o2)C(=O)N1
319,DB00700,COC(=O)[C@@H]1CC2=CC(=O)CC[C@]2(C)[C@@]23O[C@@H]2C[C@@]2(C)[C@@H](CC[C@@]24CCC(=O)O4)[C@H]13
320,DB00701,CC(C)CN(C[C@@H](O)[C@H](Cc1ccccc1)NC(=O)O[C@H]1CCOC1)S(=O)(=O)c1ccc(N)cc1
321,DB00703,CC(=O)/N=c1/sc(S(N)(=O)=O)nn1C
322,DB00704,O=C1CC[C@@]2(O)[C@H]3Cc4ccc(O)c5c4[C@@]2(CCN3CC2CC2)[C@H]1O5
323,DB00705,CC(C)Nc1cccnc1N1CCN(C(=O)c2cc3cc(NS(C)(=O)=O)ccc3[nH]2)CC1
324,DB00706,CCOc1ccccc1OCCN[C@H](C)Cc1ccc(OC)c(S(N)(=O)=O)c1
325,DB00708,CCC(=O)N(c1ccccc1)C1(COC)CCN(CCc2cccs2)CC1
326,DB00709,Nc1ccn([C@@H]2CS[C@H](CO)O2)c(=O)n1
327,DB00712,CC(C(=O)O)c1ccc(-c2ccccc2)c(F)c1
328,DB00713,Cc1onc(-c2ccccc2)c1C(=O)N[C@@H]1C(=O)N2[C@@H](C(=O)O)C(C)(C)S[C@H]12
329,DB00714,CN1CCc2cccc3c2[C@H]1Cc1ccc(O)c(O)c1-3
330,DB00715,Fc1ccc([C@@H]2CCNC[C@H]2COc2ccc3c(c2)OCO3)cc1
331,DB00718,CC(C)(C)C(=O)OCOP(=O)(COCCn1cnc2c(N)ncnc21)OCOC(=O)C(C)(C)C
332,DB00721,CCN(CC)CCOC(=O)c1ccc(N)cc1
333,DB00724,CC(C)Cn1cnc2c(N)nc3ccccc3c21
334,DB00727,O=[N+]([O-])OCC(CO[N+](=O)[O-])O[N+](=O)[O-]
335,DB00728,C=CC[N+]1([C@H]2C[C@H]3[C@@H]4CC[C@H]5C[C@H](O)[C@@H](N6CCOCC6)C[C@]5(C)[C@H]4CC[C@]3(C)[C@H]2OC(C)=O)CCCC1
336,DB00730,c1ccc2[nH]c(-c3cscn3)nc2c1
337,DB00731,CC(C)[C@H]1CC[C@H](C(=O)N[C@H](Cc2ccccc2)C(=O)O)CC1
338,DB00732,COc1ccc(CC2c3cc(OC)c(OC)cc3CC[N+]2(C)CCC(=O)OCCCCCOC(=O)CC[N+]2(C)CCc3cc(OC)c(OC)cc3C2Cc2ccc(OC)c(OC)c2)cc1OC.O=S(=O)([O-])c1ccccc1.O=S(=O)([O-])c1ccccc1
339,DB00733,C[n+]1ccccc1/C=N/O
340,DB00734,Cc1nc2n(c(=O)c1CCN1CCC(c3noc4cc(F)ccc34)CC1)CCCC2
341,DB00740,Nc1nc2ccc(OC(F)(F)F)cc2s1
342,DB00742,OC[C@@H](O)[C@@H](O)[C@H](O)[C@H](O)CO
343,DB00745,NC(=O)CS(=O)C(c1ccccc1)c1ccccc1
344,DB00749,CCc1cccc2c3c([nH]c12)C(CC)(CC(=O)O)OCC3
345,DB00750,CCCNC(C)C(=O)Nc1ccccc1C
346,DB00751,NC1=NCC2c3ccccc3Cc3ccccc3N12
347,DB00753,FC(F)OC(Cl)C(F)(F)F
348,DB00754,CCN1C(=O)NC(c2ccccc2)C1=O
349,DB00756,Oc1c(Cl)cc(Cl)c(Cl)c1Cc1c(O)c(Cl)cc(Cl)c1Cl
350,DB00757,O=C(O[C@@H]1C[C@@H]2C[C@H]3C[C@H](C1)N2CC3=O)c1c[nH]c2ccccc12
351,DB00758,COC(=O)[C@H](c1ccccc1Cl)N1CCc2sccc2C1
352,DB00759,CN(C)[C@@H]1C(O)=C(C(N)=O)C(=O)[C@@]2(O)C(O)=C3C(=O)c4c(O)cccc4[C@@](C)(O)[C@H]3C[C@@H]12
353,DB00760,C[C@@H](O)[C@H]1C(=O)N2C(C(=O)O)=C(S[C@@H]3CN[C@H](C(=O)N(C)C)C3)[C@H](C)[C@H]12
354,DB00762,CCc1c2c(nc3ccc(OC(=O)N4CCC(N5CCCCC5)CC4)cc13)-c1cc3c(c(=O)n1C2)COC(=O)[C@]3(O)CC
355,DB00763,Cn1cc[nH]c1=S
356,DB00768,CN(C)CC/C=C1/c2ccccc2COc2ccc(CC(=O)O)cc21
357,DB00772,CCOC(=O)CC(SP(=S)(OC)OC)C(=O)OCC
358,DB00773,COc1cc([C@@H]2c3cc4c(cc3[C@@H](O[C@@H]3O[C@@H]5CO[C@@H](C)O[C@H]5[C@H](O)[C@H]3O)[C@H]3COC(=O)[C@H]23)OCO4)cc(OC)c1O
359,DB00776,NC(=O)N1c2ccccc2CC(=O)c2ccccc21
360,DB00779,CCn1cc(C(=O)O)c(=O)c2ccc(C)nc21
361,DB00780,NNCCc1ccccc1
362,DB00782,CC(C)[N+](C)(CCOC(=O)C1c2ccccc2Oc2ccccc21)C(C)C
363,DB00783,C[C@]12CC[C@@H]3c4ccc(O)cc4CC[C@H]3[C@@H]1CC[C@@H]2O
364,DB00784,Cc1cccc(Nc2ccccc2C(=O)O)c1C
365,DB00788,COc1ccc2cc([C@H](C)C(=O)O)ccc2c1
366,DB00790,CCC[C@H](N[C@@H](C)C(=O)N1[C@H](C(=O)O)C[C@@H]2CCCC[C@@H]21)C(=O)OCC
367,DB00794,CCC1(c2ccccc2)C(=O)NCNC1=O
368,DB00795,O=C(O)c1cc(/N=N/c2ccc(S(=O)(=O)Nc3ccccn3)cc2)ccc1O
369,DB00796,CCOc1nc2cccc(C(=O)OC(C)OC(=O)OC3CCCCC3)c2n1Cc1ccc(-c2ccccc2-c2nnn[nH]2)cc1
370,DB00799,CCOC(=O)c1ccc(C#Cc2ccc3c(c2)C(C)(C)CCS3)nc1
371,DB00800,Oc1ccc(C2CNCCc3c2cc(O)c(O)c3Cl)cc1
372,DB00802,CCC(=O)N(c1ccccc1)C1(COC)CCN(CCn2nnn(CC)c2=O)CC1
373,DB00804,CCN(CC)CCOC(=O)C1(C2CCCCC2)CCCCC1
374,DB00806,CC(=O)CCCCn1c(=O)c2c(ncn2C)n(C)c1=O
375,DB00808,CC1Cc2ccccc2N1NC(=O)c1ccc(Cl)c(S(N)(=O)=O)c1
376,DB00809,CCN(Cc1ccncc1)C(=O)C(CO)c1ccccc1
377,DB00810,OC(CCN1CCCCC1)(c1ccccc1)C1CC2C=CC1C2
378,DB00811,NC(=O)c1ncn([C@@H]2O[C@H](CO)[C@@H](O)[C@H]2O)n1
379,DB00813,CCC(=O)N(c1ccccc1)C1CCN(CCc2ccccc2)CC1
380,DB00814,Cc1cnc(NC(=O)C2=C(O)c3ccccc3S(=O)(=O)N2C)s1
381,DB00818,CC(C)c1cccc(C(C)C)c1O
382,DB00819,CC(=O)Nc1nnc(S(N)(=O)=O)s1
383,DB00820,CN1CC(=O)N2[C@H](Cc3c([nH]c4ccccc34)[C@H]2c2ccc3c(c2)OCO3)C1=O
384,DB00822,CCN(CC)C(=S)SSC(=S)N(CC)CC
385,DB00826,C[C@@H]1C/C=C/C=C/C=C/C=C/[C@H](O[C@@H]2O[C@H](C)[C@@H](O)[C@H](N)[C@@H]2O)C[C@@H]2O[C@](O)(C[C@@H](O)C[C@H]3O[C@@H]3/C=C/C(=O)O1)C[C@H](O)[C@H]2C(=O)O
386,DB00827,CCn1nc(C(=O)O)c(=O)c2cc3c(cc21)OCO3
387,DB00828,C[C@@H]1O[C@@H]1P(=O)(O)O
388,DB00829,CN1C(=O)CN=C(c2ccccc2)c2cc(Cl)ccc21
389,DB00831,CN1CCN(CCCN2c3ccccc3Sc3ccc(C(F)(F)F)cc32)CC1
390,DB00833,N[C@@H](C(=O)N[C@@H]1C(=O)N2C(C(=O)O)=C(Cl)CS[C@H]12)c1ccccc1
391,DB00834,CC#C[C@]1(O)CC[C@H]2[C@@H]3CCC4=CC(=O)CCC4=C3[C@@H](c3ccc(N(C)C)cc3)C[C@@]21C
392,DB00835,CN(C)CCC(c1ccc(Br)cc1)c1ccccn1
393,DB00836,CN(C)C(=O)C(CCN1CCC(O)(c2ccc(Cl)cc2)CC1)(c1ccccc1)c1ccccc1
394,DB00839,Cc1ccc(S(=O)(=O)NC(=O)NN2CCCCCC2)cc1
395,DB00841,CC(CCc1ccc(O)cc1)NCCc1ccc(O)c(O)c1
396,DB00842,O=C1Nc2ccc(Cl)cc2C(c2ccccc2)=NC1O
397,DB00843,COc1cc2c(cc1OC)C(=O)C(CC1CCN(Cc3ccccc3)CC1)C2
398,DB00844,Oc1ccc2c3c1O[C@H]1[C@@H](O)CC[C@@]4(O)[C@@H](C2)N(CC2CCC2)CC[C@]314
399,DB00845,CC(C)N=c1cc2n(-c3ccc(Cl)cc3)c3ccccc3nc-2cc1Nc1ccc(Cl)cc1
400,DB00850,OCCN1CCN(CCCN2c3ccccc3Sc3ccc(Cl)cc32)CC1
401,DB00851,CN(C)/N=N/c1[nH]cnc1C(N)=O
402,DB00853,Cn1nnc2c(C(N)=O)ncn2c1=O
403,DB00857,CN(C/C=C/C#CC(C)(C)C)Cc1cccc2ccccc12
404,DB00860,C[C@]12C[C@H](O)[C@H]3[C@@H](CCC4=CC(=O)C=C[C@@]43C)[C@@H]1CC[C@]2(O)C(=O)CO
405,DB00861,O=C(O)c1cc(-c2ccc(F)cc2F)ccc1O
406,DB00862,CCCc1nc(C)c2c(=O)nc(-c3cc(S(=O)(=O)N4CCN(CC)CC4)ccc3OCC)[nH]n12
407,DB00863,CNC(=C[N+](=O)[O-])NCCSCc1ccc(CN(C)C)o1
408,DB00864,C=CC[C@@H]1/C=C(\C)C[C@H](C)C[C@H](OC)[C@H]2O[C@@](O)(C(=O)C(=O)N3CCCC[C@H]3C(=O)O[C@H](/C(C)=C/[C@@H]3CC[C@@H](O)[C@H](OC)C3)[C@H](C)[C@@H](O)CC1=O)[C@H](C)C[C@@H]2OC
409,DB00868,CCCCNc1ccc(C(=O)OCCOCCOCCOCCOCCOCCOCCOCCOCCOC)cc1
410,DB00869,CCN[C@H]1C[C@H](C)S(=O)(=O)c2sc(S(N)(=O)=O)cc21
411,DB00870,CC(C(=O)O)c1ccc(C(=O)c2cccs2)cc1
412,DB00871,CC(C)(C)NCC(O)c1cc(O)cc(O)c1
413,DB00872,Cc1nc2c([nH]1)CCN(C(=O)c1ccc(NC(=O)c3ccccc3-c3ccccc3)cc1)c1ccccc1-2
414,DB00874,COc1ccccc1OCC(O)CO
415,DB00876,CCCCc1ncc(/C=C(\Cc2cccs2)C(=O)O)n1Cc1ccc(C(=O)O)cc1
416,DB00878,N=C(NCCCCCCNC(=N)NC(=N)Nc1ccc(Cl)cc1)NC(=N)Nc1ccc(Cl)cc1
417,DB00879,Nc1nc(=O)n([C@@H]2CS[C@H](CO)O2)cc1F
418,DB00881,CCOC(=O)[C@H](CCc1ccccc1)N[C@@H](C)C(=O)N1Cc2ccccc2C[C@H]1C(=O)O
419,DB00883,O=[N+]([O-])O[C@H]1CO[C@H]2[C@@H]1OC[C@H]2O[N+](=O)[O-]
420,DB00887,CCCCNc1cc(C(=O)O)cc(S(N)(=O)=O)c1Oc1ccccc1
421,DB00889,CN1[C@H]2CCC[C@@H]1C[C@H](NC(=O)c1nn(C)c3ccccc13)C2
422,DB00896,CCC(=O)[C@@]1(C)[C@H](C)C[C@H]2[C@@H]3CCC4=CC(=O)C=C[C@]4(C)[C@H]3[C@@H](O)C[C@@]21C
423,DB00897,Cc1nnc2n1-c1ccc(Cl)cc1C(c1ccccc1Cl)=NC2
424,DB00898,CCO
425,DB00899,CCC(=O)N(c1ccccc1)C1(C(=O)OC)CCN(CCC(=O)OC)CC1
426,DB00900,O=c1nc[nH]c2c1ncn2[C@H]1CC[C@@H](CO)O1
427,DB00903,C=C(CC)C(=O)c1ccc(OCC(=O)O)c(Cl)c1Cl
428,DB00904,Cc1nccn1CC1CCc2c(c3ccccc3n2C)C1=O
429,DB00905,CCNC(=O)CCC/C=C\C[C@H]1[C@@H](O)C[C@@H](O)[C@@H]1/C=C/[C@@H](O)CCc1ccccc1
430,DB00906,Cc1ccsc1C(=CCCN1CCC[C@@H](C(=O)O)C1)c1sccc1C
431,DB00907,COC(=O)[C@H]1[C@@H](OC(=O)c2ccccc2)C[C@@H]2CC[C@H]1N2C
432,DB00908,C=C[C@H]1CN2CC[C@H]1C[C@@H]2[C@@H](O)c1ccnc2ccc(OC)cc12
433,DB00909,NS(=O)(=O)Cc1noc2ccccc12
434,DB00910,C[C@@H](/C=C/[C@@H](C)[C@H]1CC[C@H]2/C(=C/C=C3C[C@@H](O)C[C@H](O)C3)CCC[C@@]21C)C(C)(C)O
435,DB00911,CCS(=O)(=O)CCn1c([N+](=O)[O-])cnc1C
436,DB00912,CCOc1cc(CC(=O)N[C@@H](CC(C)C)c2ccccc2N2CCCCC2)ccc1C(=O)O
437,DB00915,NC12CC3CC(CC(C3)C1)C2
438,DB00916,Cc1ncc([N+](=O)[O-])n1CCO
439,DB00918,CN(C)CCc1c[nH]c2ccc(CS(=O)(=O)N3CCCC3)cc12
440,DB00919,CN[C@H]1[C@@H](O)[C@@H](NC)[C@H](O)[C@H]2O[C@@H]3O[C@H](C)CC(=O)[C@]3(O)O[C@H]12
441,DB00920,CN1CCC(=C2c3ccccc3CC(=O)c3sccc32)CC1
442,DB00921,CO[C@]12CC[C@@]3(C[C@@H]1[C@](C)(O)C(C)(C)C)[C@H]1Cc4ccc(O)c5c4[C@@]3(CCN1CC1CC1)[C@H]2O5
443,DB00924,CN(C)CCC=C1c2ccccc2C=Cc2ccccc21
444,DB00925,CC(COc1ccccc1)N(CCCl)Cc1ccccc1
445,DB00927,NC(N)=Nc1nc(CSCCC(N)=NS(N)(=O)=O)cs1
446,DB00929,CCCCC(C)(O)C/C=C/[C@H]1[C@H](O)CC(=O)[C@@H]1CCCCCCC(=O)OC
447,DB00932,CCC[C@@]1(CCc2ccccc2)CC(O)=C([C@H](CC)c2cccc(NS(=O)(=O)c3ccc(C(F)(F)F)cn3)c2)C(=O)O1
448,DB00933,CN1CCCCC1CCN1c2ccccc2Sc2ccc(S(C)=O)cc21
449,DB00937,CCN(CC)C(C)C(=O)c1ccccc1
450,DB00938,OCc1cc(C(O)CNCCCCCCOCCCCc2ccccc2)ccc1O
451,DB00949,NC(=O)OCC(COC(N)=O)c1ccccc1
452,DB00950,CC(C)(C(=O)O)c1ccc(C(O)CCCN2CCC(C(O)(c3ccccc3)c3ccccc3)CC2)cc1
453,DB00951,NNC(=O)c1ccncc1
454,DB00952,CNS(=O)(=O)CCc1ccc2[nH]cc(C3CCN(C)CC3)c2c1
455,DB00953,CN(C)CCc1c[nH]c2ccc(Cn3cncn3)cc12
456,DB00958,N[Pt]1(N)OC(=O)C2(CCC2)C(=O)O1
457,DB00959,C[C@H]1C[C@H]2[C@@H]3CC[C@](O)(C(=O)CO)[C@@]3(C)C[C@H](O)[C@@H]2[C@@]2(C)C=CC(=O)C=C12
458,DB00960,CC(C)NCC(O)COc1cccc2[nH]ccc12
459,DB00961,Cc1cccc(C)c1NC(=O)C1CCCCN1C
460,DB00962,CCN(C(C)=O)c1cccc(-c2ccnc3c(C#N)cnn23)c1
461,DB00963,Nc1c(CC(=O)O)cccc1C(=O)c1ccc(Br)cc1
462,DB00964,Nc1cc(Cl)c(NC2=NCCN2)c(Cl)c1
463,DB00966,CCCc1nc2c(C)cc(-c3nc4ccccc4n3C)cc2n1Cc1ccc(-c2ccccc2C(=O)O)cc1
464,DB00967,Clc1ccc2c(c1)CCc1cccnc1C2=C1CCNCC1
465,DB00968,C[C@](N)(Cc1ccc(O)c(O)c1)C(=O)O
466,DB00969,Cc1[nH]cnc1CN1CCc2c(c3ccccc3n2C)C1=O
467,DB00972,CN1CCCC(n2nc(Cc3ccc(Cl)cc3)c3ccccc3c2=O)CC1
468,DB00973,O=C1[C@H](CC[C@H](O)c2ccc(F)cc2)[C@@H](c2ccc(O)cc2)N1c1ccc(F)cc1
469,DB00975,OCCN(CCO)c1nc(N2CCCCC2)c2nc(N(CCO)CCO)nc(N3CCCCC3)c2n1
470,DB00976,CC[C@H]1OC(=O)[C@H](C)C(=O)[C@H](C)[C@@H](O[C@@H]2O[C@H](C)C[C@H](N(C)C)[C@H]2O)[C@](C)(OC)C[C@@H](C)C(=O)[C@H](C)[C@H]2N(CCCCn3cnc(-c4cccnc4)c3)C(=O)O[C@]12C
471,DB00978,CCn1cc(C(=O)O)c(=O)c2cc(F)c(N3CCNC(C)C3)c(F)c21
472,DB00979,CN(C)CCOC(=O)C(c1ccccc1)C1(O)CCCC1
473,DB00980,CCC(=O)NCC[C@@H]1CCc2ccc3c(c21)CCO3
474,DB00981,CNC(=O)Oc1ccc2c(c1)[C@]1(C)CCN(C)[C@@H]1N2C
475,DB00983,COc1ccc(CC(C)NCC(O)c2ccc(O)c(NC=O)c2)cc1
476,DB00986,C[N+]1(C)CCC(OC(=O)C(O)(c2ccccc2)C2CCCC2)C1
477,DB00988,NCCc1ccc(O)c(O)c1
478,DB00989,CCN(C)C(=O)Oc1cccc([C@H](C)N(C)C)c1
479,DB00990,C=C1C[C@@H]2[C@H](CC[C@]3(C)C(=O)CC[C@@H]23)[C@@]2(C)C=CC(=O)C=C12
480,DB00991,O=C(O)CCc1nc(-c2ccccc2)c(-c2ccccc2)o1
481,DB00993,Cn1cnc([N+](=O)[O-])c1Sc1ncnc2nc[nH]c12
482,,C1[C@H]([C@@H]([C@@H]2[C@@H]([C@H]1N)O[C@@H]3[C@@H]([C@H]([C@@H]([C@H](O3)CN)O)O)NC[C@@H]4[C@H]([C@H]([C@@H](O4)O2)O)O[C@@H]5[C@@H]([C@H]([C@@H]([C@@H](O5)CN)O)O)N)O)N
483,DB00996,NCC1(CC(=O)O)CCCCC1
484,DB00997,COc1cccc2c1C(=O)c1c(O)c3c(c(O)c1C2=O)C[C@@](O)(C(=O)CO)C[C@@H]3O[C@H]1C[C@H](N)[C@H](O)[C@H](C)O1
485,DB00998,CN[C@@H]1CCc2[nH]c3ccc(C(N)=O)cc3c2C1
486,DB00999,NS(=O)(=O)c1cc2c(cc1Cl)NCNS2(=O)=O
487,DB01004,Nc1nc2c(ncn2COC(CO)CO)c(=O)[nH]1
488,DB01005,NC(=O)NO
489,DB01006,N#Cc1ccc(C(c2ccc(C#N)cc2)n2cncn2)cc1
490,DB01008,CS(=O)(=O)OCCCCOS(C)(=O)=O
491,DB01009,CC(C(=O)O)c1cccc(C(=O)c2ccccc2)c1
492,DB01011,CC(C)(C(=O)c1cccnc1)c1cccnc1
493,DB01012,C[C@@H](NCCCc1cccc(C(F)(F)F)c1)c1cccc2ccccc12
494,DB01013,CCC(=O)O[C@]1(C(=O)CCl)[C@@H](C)C[C@H]2[C@@H]3CCC4=CC(=O)C=C[C@]4(C)[C@@]3(F)[C@@H](O)C[C@@]21C
495,DB01014,O=C(O)CCNC(=O)c1ccc(/N=N/c2ccc(O)c(C(=O)O)c2)cc1
496,DB01017,CN(C)c1ccc(O)c2c1C[C@H]1C[C@H]3[C@H](N(C)C)C(O)=C(C(N)=O)C(=O)[C@@]3(O)C(O)=C1C2=O
497,DB01018,N=C(N)NC(=O)Cc1c(Cl)cccc1Cl
498,DB01019,CC(C[N+](C)(C)C)OC(N)=O
499,DB01023,CCOC(=O)C1=C(C)NC(C)=C(C(=O)OC)C1c1cccc(Cl)c1Cl
500,DB01024,COc1c(C)c2c(c(O)c1C/C=C(\C)CCC(=O)O)C(=O)OC2
501,DB01026,CC(=O)N1CCN(c2ccc(OCC3COC(Cn4ccnc4)(c4ccc(Cl)cc4Cl)O3)cc2)CC1
502,DB01029,CCCCC1=NC2(CCCC2)C(=O)N1Cc1ccc(-c2ccccc2-c2nn[nH]n2)cc1
503,DB01030,CC[C@@]1(O)C(=O)OCc2c1cc1n(c2=O)Cc2cc3c(CN(C)C)c(O)ccc3nc2-1
504,DB01032,CCCN(CCC)S(=O)(=O)c1ccc(C(=O)O)cc1
505,DB01035,CCN(CC)CCNC(=O)c1ccc(N)cc1
506,DB01036,Cc1ccc(O)c([C@H](CCN(C(C)C)C(C)C)c2ccccc2)c1
507,DB01037,C#CCN(C)[C@H](C)Cc1ccccc1
508,DB01039,CC(C)OC(=O)C(C)(C)Oc1ccc(C(=O)c2ccc(Cl)cc2)cc1
509,DB01041,O=C1CCC(N2C(=O)c3ccccc3C2=O)C(=O)N1
510,DB01042,N[C@@H](Cc1ccc(N(CCCl)CCCl)cc1)C(=O)O
511,DB01043,CC12CC3CC(C)(C1)CC(N)(C3)C2
512,DB01044,COc1c(N2CCNC(C)C2)c(F)cc2c(=O)c(C(=O)O)cn(C3CC3)c12
513,DB01046,CCCCC(F)(F)[C@@]1(O)CC[C@H]2[C@@H](CC(=O)[C@@H]2CCCCCCC(=O)O)O1
514,DB01047,CC(=O)OCC(=O)[C@@]12OC(C)(C)O[C@@H]1C[C@H]1[C@@H]3C[C@H](F)C4=CC(=O)C=C[C@]4(C)[C@@]3(F)[C@@H](O)C[C@@]12C
515,DB01048,Nc1nc(NC2CC2)c2ncn([C@H]3C=C[C@@H](CO)C3)c2n1
516,DB01050,CC(C)Cc1ccc(C(C)C(=O)O)cc1
517,DB01058,O=C(C1CCCCC1)N1CC(=O)N2CCc3ccccc3C2C1
518,DB01059,CCn1cc(C(=O)O)c(=O)c2cc(F)c(N3CCNCC3)cc21
519,DB01060,CC1(C)S[C@@H]2[C@H](NC(=O)[C@H](N)c3ccc(O)cc3)C(=O)N2[C@H]1C(=O)O
520,DB01062,CCN(CC)CC#CCOC(=O)C(O)(c1ccccc1)C1CCCCC1
521,DB01064,CC(C)NCC(O)c1ccc(O)c(O)c1
522,DB01067,Cc1cnc(C(=O)NCCc2ccc(S(=O)(=O)NC(=O)NC3CCCCC3)cc2)cn1
523,DB01068,O=C1CN=C(c2ccccc2Cl)c2cc([N+](=O)[O-])ccc2N1
524,DB01069,CC(CN1c2ccccc2Sc2ccccc21)N(C)C
525,DB01072,COC(=O)N[C@H](C(=O)N[C@@H](Cc1ccccc1)[C@@H](O)CN(Cc1ccc(-c2ccccn2)cc1)NC(=O)[C@@H](NC(=O)OC)C(C)(C)C)C(C)(C)C
526,DB01073,Nc1nc(F)nc2c1ncn2[C@@H]1O[C@H](CO)[C@@H](O)[C@@H]1O
527,DB01075,CN(C)CCOC(c1ccccc1)c1ccccc1
528,DB01076,CC(C)c1c(C(=O)Nc2ccccc2)c(-c2ccccc2)c(-c2ccc(F)cc2)n1CC[C@@H](O)C[C@@H](O)CC(=O)O
529,DB01079,CCCCCNC(=N)N/N=C/c1c[nH]c2ccc(OC)cc12
530,DB01080,C=CC(N)CCC(=O)O
531,DB01082,CN[C@@H]1[C@H](O[C@H]2[C@H](O[C@@H]3[C@@H](NC(=N)N)[C@H](O)[C@@H](NC(=N)N)[C@H](O)[C@H]3O)O[C@@H](C)[C@]2(O)C=O)O[C@@H](CO)[C@H](O)[C@H]1O
532,DB01083,CCCCCCCCCCC[C@@H](C[C@@H]1OC(=O)[C@H]1CCCCCC)OC(=O)[C@H](CC(C)C)NC=O
533,DB01084,CCOCCn1c(N2CCCN(C)CC2)nc2ccccc21
534,DB01085,CC[C@@H]1C(=O)OC[C@@H]1Cc1cncn1C
535,DB01086,CCOC(=O)c1ccc(N)cc1
536,DB01087,COc1cc(NC(C)CCCN)c2ncccc2c1
537,DB01088,CC#CCC(C)[C@H](O)/C=C/[C@@H]1[C@H]2C/C(=C/CCCC(=O)O)C[C@H]2C[C@H]1O
538,DB01095,CC(C)n1c(/C=C/[C@H](O)C[C@H](O)CC(=O)O)c(-c2ccc(F)cc2)c2ccccc21
539,DB01097,Cc1oncc1C(=O)Nc1ccc(C(F)(F)F)cc1
540,DB01098,CC(C)c1nc(N(C)S(C)(=O)=O)nc(-c2ccc(F)cc2)c1/C=C/[C@@H](O)C[C@@H](O)CC(=O)O
541,DB01100,O=c1[nH]c2ccccc2n1C1CCN(CCCC(c2ccc(F)cc2)c2ccc(F)cc2)CC1
542,DB01101,CCCCCOC(=O)Nc1nc(=O)n([C@@H]2O[C@H](C)[C@@H](O)[C@H]2O)cc1F
543,DB01104,CN[C@H]1CC[C@@H](c2ccc(Cl)c(Cl)c2)c2ccccc21
544,DB01105,CC(C)CC(N(C)C)C1(c2ccc(Cl)cc2)CCC1
545,DB01106,C[C@@H]1CN([C@H]2CC[C@](C#N)(c3ccc(F)cc3)CC2)CC[C@]1(C(=O)O)c1ccccc1
546,DB01110,Clc1ccc(COC(Cn2ccnc2)c2ccc(Cl)cc2Cl)c(Cl)c1
547,DB01112,CO/N=C(\C(=O)N[C@@H]1C(=O)N2C(C(=O)O)=C(COC(N)=O)CS[C@H]12)c1ccco1
548,DB01113,COc1ccc(Cc2nccc3cc(OC)c(OC)cc23)cc1OC
549,DB01114,CN(C)CCC(c1ccc(Cl)cc1)c1ccccn1
550,DB01115,COC(=O)C1=C(C)NC(C)=C(C(=O)OC)C1c1ccccc1[N+](=O)[O-]
551,DB01117,O=C1C(O)=C([C@H]2CC[C@H](c3ccc(Cl)cc3)CC2)C(=O)c2ccccc21
552,DB01118,CCCCc1oc2ccccc2c1C(=O)c1cc(I)c(OCCN(CC)CC)c(I)c1
553,DB01119,CC1=NS(=O)(=O)c2cc(Cl)ccc2N1
554,DB01120,Cc1ccc(S(=O)(=O)NC(=O)NN2C[C@H]3CCC[C@H]3C2)cc1
555,DB01126,C[C@]12CC[C@H]3[C@@H](CC[C@H]4NC(=O)C=C[C@]34C)[C@@H]1CC[C@@H]2C(=O)Nc1cc(C(F)(F)F)ccc1C(F)(F)F
556,DB01127,Clc1ccc(COC(Cn2ccnc2)c2ccc(Cl)cc2Cl)cc1
557,DB01128,CC(O)(CS(=O)(=O)c1ccc(F)cc1)C(=O)Nc1ccc(C#N)c(C(F)(F)F)c1
558,DB01129,COCCCOc1ccnc(CS(=O)c2nc3ccccc3[nH]2)c1C
559,DB01130,CCOC(=O)O[C@]1(C(=O)COC(=O)CC)CC[C@H]2[C@@H]3CCC4=CC(=O)C=C[C@]4(C)[C@H]3[C@@H](O)C[C@@]21C
560,DB01132,CCc1ccc(CCOc2ccc(CC3SC(=O)NC3=O)cc2)nc1
561,DB01136,COc1ccccc1OCCNCC(O)COc1cccc2[nH]c3ccccc3c12
562,DB01140,CC1=C(C(=O)O)N2C(=O)[C@@H](NC(=O)[C@H](N)c3ccc(O)cc3)[C@H]2SC1
563,DB01141,CCCCCOc1ccc(-c2cc(-c3ccc(C(=O)N[C@H]4C[C@@H](O)[C@@H](O)NC(=O)[C@@H]5[C@@H](O)[C@@H](C)CN5C(=O)[C@H]([C@H](O)CC(N)=O)NC(=O)[C@H]([C@H](O)[C@@H](O)c5ccc(O)c(OS(=O)(=O)O)c5)NC(=O)[C@@H]5C[C@@H](O)CN5C(=O)[C@H]([C@@H](C)O)NC4=O)cc3)no2)cc1
564,DB01142,CN(C)CCC=C1c2ccccc2COc2ccccc21
565,DB01143,NCCCNCCSP(=O)(O)O
566,DB01148,Cc1c(-c2ccccc2)oc2c(C(=O)OCCN3CCCCC3)cccc2c1=O
567,DB01149,CCc1nn(CCCN2CCN(c3cccc(Cl)c3)CC2)c(=O)n1CCOc1ccccc1
568,DB01150,CC=CC1=C(C(=O)O)N2C(=O)[C@@H](NC(=O)[C@H](N)c3ccc(O)cc3)[C@H]2SC1
569,DB01151,CNCCCN1c2ccccc2CCc2ccccc21
570,DB01156,CC(NC(C)(C)C)C(=O)c1cccc(Cl)c1
571,DB01157,COc1cc(NCc2ccc3nc(N)nc(N)c3c2C)cc(OC)c1OC
572,DB01158,CC[N+](C)(C)Cc1ccccc1Br
573,DB01159,FC(F)(F)C(Cl)Br
574,DB01161,CCN(CC)CCOC(=O)c1ccc(N)cc1Cl
575,DB01162,COc1cc2nc(N3CCN(C(=O)C4CCCO4)CC3)nc(N)c2cc1OC
576,DB01165,CC1COc2c(N3CCN(C)CC3)c(F)cc3c(=O)c(C(=O)O)cn1c23
577,DB01167,CCC(C)n1ncn(-c2ccc(N3CCN(c4ccc(OC[C@H]5CO[C@](Cn6cncn6)(c6ccc(Cl)cc6Cl)O5)cc4)CC3)cc2)c1=O
578,DB01168,CNNCc1ccc(C(=O)NC(C)C)cc1
579,DB01169,O=[As]O[As]=O
580,DB01173,Cc1ccccc1C(OCCN(C)C)c1ccccc1
581,DB01174,CCC1(c2ccccc2)C(=O)NC(=O)NC1=O
582,DB01177,CC(=O)[C@]1(O)Cc2c(O)c3c(c(O)c2[C@@H](O[C@H]2C[C@H](N)[C@H](O)[C@H](C)O2)C1)C(=O)c1ccccc1C3=O
583,DB01181,O=P1(NCCCl)OCCCN1CCCl
584,DB01182,CCCNCC(O)COc1ccccc1C(=O)CCc1ccccc1
585,DB01183,C=CCN1CC[C@]23c4c5ccc(O)c4O[C@H]2C(=O)CC[C@@]3(O)[C@H]1C5
586,DB01184,O=c1[nH]c2ccccc2n1CCCN1CCC(n2c(=O)[nH]c3cc(Cl)ccc32)CC1
587,DB01185,C[C@]1(O)CC[C@H]2[C@@H]3CCC4=CC(=O)CC[C@]4(C)[C@@]3(F)[C@@H](O)C[C@@]21C
588,DB01186,CCCN1C[C@H](CSC)C[C@@H]2c3cccc4[nH]cc(c34)C[C@H]21
589,DB01188,Cc1cc(C2CCCCC2)n(O)c(=O)c1
590,DB01189,FC(F)OC(F)C(F)(F)F
591,DB01190,CCC[C@@H]1C[C@@H](C(=O)N[C@H]([C@H](C)Cl)[C@H]2O[C@H](SC)[C@H](O)[C@@H](O)[C@H]2O)N(C)C1
592,DB01193,CCCC(=O)Nc1ccc(OCC(O)CNC(C)C)c(C(C)=O)c1
593,DB01194,CCN[C@H]1CN(CCCOC)S(=O)(=O)c2sc(S(N)(=O)=O)cc21
594,DB01195,O=C(NCC1CCCCN1)c1cc(OCC(F)(F)F)ccc1OCC(F)(F)F
595,DB01196,C[C@]12CC[C@@H]3c4ccc(OC(=O)N(CCCl)CCCl)cc4CC[C@H]3[C@@H]1CC[C@@H]2O
596,DB01198,CN1CCN(C(=O)OC2c3nccnc3C(=O)N2c2ccc(Cl)cn2)CC1
597,DB01200,CC(C)C[C@H]1C(=O)N2CCC[C@H]2[C@]2(O)O[C@](NC(=O)[C@@H]3C=C4c5cccc6[nH]c(Br)c(c56)C[C@H]4N(C)C3)(C(C)C)C(=O)N12
598,DB01201,CO[C@H]1/C=C/O[C@@]2(C)Oc3c(C)c(O)c4c(O)c(c(/C=N/N5CCN(C6CCCC6)CC5)c(O)c4c3C2=O)NC(=O)/C(C)=C\C=C\[C@H](C)[C@H](O)[C@@H](C)[C@@H](O)[C@@H](C)[C@H](OC(C)=O)[C@@H]1C
599,DB01203,CC(C)(C)NCC(O)COc1cccc2c1C[C@H](O)[C@H](O)C2
600,DB01204,O=C1c2c(O)ccc(O)c2C(=O)c2c(NCCNCCO)ccc(NCCNCCO)c21
601,DB01205,CCOC(=O)c1ncn2c1CN(C)C(=O)c1cc(F)ccc1-2
602,DB01206,O=NN(CCCl)C(=O)NC1CCCCC1
603,DB01210,CC(C)(C)NC[C@H](O)COc1cccc2c1CCCC2=O
604,DB01211,CC[C@H]1OC(=O)[C@H](C)[C@@H](O[C@H]2C[C@@](C)(OC)[C@@H](O)[C@H](C)O2)[C@H](C)[C@@H](O[C@@H]2O[C@H](C)C[C@H](N(C)C)[C@H]2O)[C@](C)(OC)C[C@@H](C)C(=O)[C@H](C)[C@@H](O)[C@]1(C)O
605,DB01212,CO/N=C(\C(=O)N[C@@H]1C(=O)N2C(C(=O)O)=C(CSc3nc(=O)c(=O)[nH]n3C)CS[C@H]12)c1csc(N)n1
606,DB01214,CC(=O)Oc1c(C)cc(OCC(O)CNC(C)C)c(C)c1C
607,DB01215,Clc1ccc2c(c1)C(c1ccccc1)=NCc1nncn1-2
608,DB01216,CC(C)(C)NC(=O)[C@H]1CC[C@H]2[C@@H]3CC[C@H]4NC(=O)C=C[C@]4(C)[C@H]3CC[C@]12C
609,DB01217,CC(C)(C#N)c1cc(Cn2cncn2)cc(C(C)(C)C#N)c1
610,DB01218,CCCCN(CCCC)CCC(O)c1cc2c(Cl)cc(Cl)cc2c2cc(C(F)(F)F)ccc12
611,DB01219,O=C1CN(/N=C/c2ccc(-c3ccc([N+](=O)[O-])cc3)o2)C(=O)N1
612,DB01220,CO[C@H]1/C=C/O[C@@]2(C)Oc3c(C)c(O)c4c(O)c(c5c(nc6cc(C)ccn65)c4c3C2=O)NC(=O)/C(C)=C\C=C\[C@H](C)[C@H](O)[C@@H](C)[C@@H](O)[C@@H](C)[C@H](OC(C)=O)[C@@H]1C
613,DB01221,CNC1(c2ccccc2Cl)CCCCC1=O
614,DB01222,CCCC1O[C@@H]2C[C@H]3[C@@H]4CCC5=CC(=O)C=C[C@]5(C)[C@H]4[C@@H](O)C[C@]3(C)[C@]2(C(=O)CO)O1
615,DB01223,Cn1c(=O)c2[nH]cnc2n(C)c1=O.Cn1c(=O)c2[nH]cnc2n(C)c1=O.NCCN
616,DB01224,OCCOCCN1CCN(C2=Nc3ccccc3Sc3ccccc32)CC1
617,DB01226,COc1cc2c(cc1OC)[C@@H](Cc1cc(OC)c(OC)c(OC)c1)[N+](C)(CCCOC(=O)CC/C=C/CCC(=O)OCCC[N+]1(C)CCc3cc(OC)c(OC)cc3[C@H]1Cc1cc(OC)c(OC)c(OC)c1)CC2
618,DB01229,CC(=O)O[C@H]1C(=O)[C@]2(C)[C@@H](O)C[C@H]3OC[C@@]3(OC(C)=O)[C@H]2[C@H](OC(=O)c2ccccc2)[C@]2(O)C[C@H](OC(=O)[C@H](O)[C@@H](NC(=O)c3ccccc3)c3ccccc3)C(C)=C1C2(C)C
619,DB01230,NC1=NC(=O)C(c2ccccc2)O1
620,DB01232,CC(C)(C)NC(=O)[C@@H]1C[C@@H]2CCCC[C@@H]2CN1C[C@@H](O)[C@H](Cc1ccccc1)NC(=O)[C@H](CC(N)=O)NC(=O)c1ccc2ccccc2n1
621,DB01233,CCN(CC)CCNC(=O)c1cc(Cl)c(N)cc1OC
622,DB01234,C[C@@H]1C[C@H]2[C@@H]3CCC4=CC(=O)C=C[C@]4(C)[C@@]3(F)[C@@H](O)C[C@]2(C)[C@@]1(O)C(=O)CO
623,DB01236,FCOC(C(F)(F)F)C(F)(F)F
624,DB01238,O=C1CCc2ccc(OCCCCN3CCN(c4cccc(Cl)c4Cl)CC3)cc2N1
625,DB01241,Cc1ccc(C)c(OCCCC(C)(C)C(=O)O)c1
626,DB01242,CN(C)CCCN1c2ccccc2CCc2ccc(Cl)cc21
627,DB01247,Cc1cc(C(=O)NNCc2ccccc2)no1
628,DB01248,CC(=O)O[C@@]12CO[C@@H]1C[C@H](O)[C@@]1(C)C(=O)[C@H](O)C3=C(C)[C@@H](OC(=O)[C@H](O)[C@@H](NC(=O)OC(C)(C)C)c4ccccc4)C[C@@](O)([C@@H](OC(=O)c4ccccc4)[C@@H]12)C3(C)C
629,DB01249,CC(=O)N(CC(O)CN(C(C)=O)c1c(I)c(C(=O)NCC(O)CO)c(I)c(C(=O)NCC(O)CO)c1I)c1c(I)c(C(=O)NCC(O)CO)c(I)c(C(=O)NCC(O)CO)c1I
630,DB01250,O=C(O)c1cc(/N=N/c2ccc(O)c(C(=O)O)c2)ccc1O
631,DB01254,Cc1nc(Nc2ncc(C(=O)Nc3c(C)cccc3Cl)s2)cc(N2CCN(CCO)CC2)n1
632,,COCCCOC1=C(OC)C=CC(C[C@@H](C[C@H](N)[C@@H](O)C[C@@H](C(C)C)C(=O)NCC(C)(C)C(N)=O)C(C)C)=C1
633,DB01260,CC1(C)O[C@@H]2C[C@H]3[C@@H]4CCC5=CC(=O)C=C[C@]5(C)[C@H]4[C@@H](O)C[C@]3(C)[C@]2(C(=O)CO)O1
634,DB01261,N[C@@H](CC(=O)N1CCn2c(nnc2C(F)(F)F)C1)Cc1cc(F)c(F)cc1F
635,DB01263,CC[C@@H]([C@H](C)O)n1ncn(-c2ccc(N3CCN(c4ccc(OC[C@@H]5CO[C@@](Cn6cncn6)(c6ccc(F)cc6F)C5)cc4)CC3)cc2)c1=O
636,DB01264,CC(C)CN(C[C@@H](O)[C@H](Cc1ccccc1)NC(=O)O[C@H]1CO[C@H]2OCC[C@@H]12)S(=O)(=O)c1ccc(N)cc1
637,DB01268,CCN(CC)CCNC(=O)c1c(C)[nH]c(/C=C2\C(=O)Nc3ccc(F)cc32)c1C
638,DB01273,c1cnc2cc3c(cc2n1)C1CNCC3C1
639,DB01275,NNc1nncc2ccccc12
640,DB01280,COc1nc(N)nc2c1ncn2[C@@H]1O[C@H](CO)[C@@H](O)[C@@H]1O
641,DB01291,CC(C)(C)NCC(O)c1ccc(O)c(CO)n1
642,DB01319,CC(C)CN(C[C@@H](OP(=O)(O)O)[C@H](Cc1ccccc1)NC(=O)O[C@H]1CCOC1)S(=O)(=O)c1ccc(N)cc1
643,DB01320,O=C1NC(c2ccccc2)(c2ccccc2)C(=O)N1COP(=O)(O)O
644,DB01324,CN1C(CSCC(F)(F)F)Nc2cc(Cl)c(S(N)(=O)=O)cc2S1(=O)=O
645,DB01327,Cc1nnc(SCC2=C(C(=O)O)N3C(=O)[C@@H](NC(=O)Cn4cnnn4)[C@H]3SC2)s1
646,DB01329,CCN1CCN(C(=O)N[C@@H](C(=O)N[C@@H]2C(=O)N3C(C(=O)O)=C(CSc4nnnn4C)CS[C@H]23)c2ccc(O)cc2)C(=O)C1=O
647,DB01330,CO[C@@]1(NC(=O)C2SC(=C(C(N)=O)C(=O)O)S2)C(=O)N2C(C(=O)O)=C(CSc3nnnn3C)CS[C@@H]21
648,DB01331,CO[C@@]1(NC(=O)Cc2cccs2)C(=O)N2C(C(=O)O)=C(COC(N)=O)CS[C@@H]21
649,DB01332,CO/N=C(\C(=O)N[C@@H]1C(=O)N2C(C(=O)O)=CCS[C@H]12)c1csc(N)n1
650,DB01337,CC(=O)O[C@H]1C[C@@H]2CC[C@@H]3[C@H](CC[C@@]4(C)[C@H]3C[C@H]([N+]3(C)CCCCC3)[C@@H]4OC(C)=O)[C@@]2(C)C[C@@H]1[N+]1(C)CCCCC1
651,DB01340,CCOC(=O)[C@H](CCc1ccccc1)N[C@H]1CCCN2CCC[C@@H](C(=O)O)N2C1=O
652,DB01356,[Li+]
653,DB01362,CC(=O)N(CC(O)CO)c1c(I)c(C(=O)NCC(O)CO)c(I)c(C(=O)NCC(O)CO)c1I
654,DB01364,CN[C@@H](C)[C@H](O)c1ccccc1
655,DB01367,C#CCN[C@@H]1CCc2ccccc21
656,DB01378,[Mg+2]
657,DB01390,O=C([O-])O.[Na+]
658,DB01393,CC(C)(Oc1ccc(CCNC(=O)c2ccc(Cl)cc2)cc1)C(=O)O
659,DB01394,COc1cc2c(c(OC)c1OC)-c1ccc(OC)c(=O)cc1C(NC(C)=O)CC2
660,DB01400,CN(C)C(=O)Oc1cccc([N+](C)(C)C)c1
661,DB01406,C#C[C@]1(O)CC[C@H]2[C@@H]3CCC4=Cc5oncc5C[C@]4(C)[C@H]3CC[C@@]21C
662,DB01409,C[N+]1(C)[C@H]2C[C@H](OC(=O)C(O)(c3cccs3)c3cccs3)C[C@@H]1[C@H]1O[C@@H]21
663,DB01410,CC(C)C(=O)OCC(=O)[C@@]12O[C@H](C3CCCCC3)O[C@@H]1C[C@H]1[C@@H]3CCC4=CC(=O)C=C[C@]4(C)[C@H]3[C@@H](O)C[C@@]12C
664,DB01413,CO/N=C(\C(=O)N[C@@H]1C(=O)N2C(C(=O)[O-])=C(C[N+]3(C)CCCC3)CS[C@H]12)c1csc(N)n1
665,DB01416,COCC1=C(C(=O)O)N2C(=O)[C@@H](NC(=O)/C(=N\OC)c3csc(N)n3)[C@H]2SC1
666,DB01421,NC[C@@H]1O[C@H](O[C@@H]2[C@@H](CO)O[C@@H](O[C@@H]3[C@@H](O)[C@H](N)C[C@H](N)[C@H]3O[C@H]3O[C@H](CO)[C@@H](O)[C@H](O)[C@H]3N)[C@@H]2O)[C@H](N)[C@@H](O)[C@@H]1O
667,DB01427,Nc1cc(-c2ccncc2)c[nH]c1=O
668,DB01558,O=C1CN=C(c2ccccn2)c2cc(Br)ccc2N1
669,DB01577,CN[C@@H](C)Cc1ccccc1
670,DB01586,C[C@H](CCC(=O)O)[C@H]1CC[C@H]2[C@@H]3[C@@H](O)C[C@@H]4C[C@H](O)CC[C@]4(C)[C@H]3CC[C@@]21C
671,DB01591,O=C(O[C@H]1CN2CCC1CC2)N1CCc2ccccc2[C@@H]1c1ccccc1
672,DB01595,O=C1CN=C(c2ccccc2)c2cc([N+](=O)[O-])ccc2N1
673,DB01609,O=C(O)c1ccc(-n2nc(-c3ccccc3O)nc2-c2ccccc2O)cc1
674,DB01610,CC(C)[C@H](N)C(=O)OCC(CO)OCn1cnc2c(=O)nc(N)[nH]c21
675,DB01611,CCN(CCO)CCCC(C)Nc1ccnc2cc(Cl)ccc12
676,DB01612,CCCCCON=O
677,DB01618,CCc1c(C)[nH]c2c1C(=O)C(CN1CCOCC1)CC2
678,DB01623,CN1CCN(CC/C=C2/c3ccccc3Sc3ccc(S(=O)(=O)N(C)C)cc32)CC1
679,DB01627,CCC[C@@H]1C[C@@H](C(=O)N[C@H]([C@@H](C)O)[C@H]2O[C@H](SC)[C@H](O)[C@@H](O)[C@H]2O)N(C)C1
680,DB01656,O=C(Nc1c(Cl)cncc1Cl)c1ccc(OC(F)F)c(OCC2CC2)c1
681,DB04572,S=P(N1CC1)(N1CC1)N1CC1
682,DB04839,CC(=O)O[C@]1(C(C)=O)CC[C@H]2[C@@H]3C=C(Cl)C4=CC(=O)[C@@H]5C[C@@H]5[C@]4(C)[C@H]3CC[C@@]21C
683,DB04844,COc1cc2c(cc1OC)C1CC(=O)C(CC(C)C)CN1CC2
684,DB04845,C/C(=C\c1csc(C)n1)[C@@H]1C[C@@H]2O[C@]2(C)CCC[C@H](C)[C@H](O)[C@@H](C)C(=O)C(C)(C)[C@@H](O)CC(=O)N1
685,DB04861,OC(CNCC(O)C1CCc2cc(F)ccc2O1)C1CCc2cc(F)ccc2O1
686,DB04896,CCN(CC)C(=O)C1(c2ccccc2)CC1CN
687,DB04930,CC1(C)C(C=C(Cl)Cl)C1C(=O)OCc1cccc(Oc2ccccc2)c1
688,DB05245,Nc1ccc(S(=O)(=O)[N-]c2ncccn2)cc1.[Ag+]
689,DB05246,CN1C(=O)CC(C)(c2ccccc2)C1=O
690,DB06201,NC(=O)c1cn(Cc2c(F)cccc2F)nn1
691,DB06204,CC[C@@H](c1cccc(O)c1)[C@@H](C)CN(C)C
692,DB06209,CC(=O)Oc1cc2c(s1)CCN(C(C(=O)C1CC1)c1ccccc1F)C2
693,DB06212,Cc1ccccc1C(=O)Nc1ccc(C(=O)N2CCC[C@@H](O)c3cc(Cl)ccc32)c(C)c1
694,DB06216,CN1CC2c3ccccc3Oc3ccc(Cl)cc3C2C1.O=C(O)/C=C\C(=O)O
695,DB06228,O=C(NC[C@H]1CN(c2ccc(N3CCOCC3=O)cc2)C(=O)O1)c1ccc(Cl)s1
696,DB06274,C[C@H]1CN(C[C@H](Cc2ccccc2)C(=O)NCC(=O)O)CC[C@@]1(C)c1cccc(O)c1
697,DB06287,CO[C@H]1C[C@@H]2CC[C@@H](C)[C@@](O)(O2)C(=O)C(=O)N2CCCC[C@H]2C(=O)O[C@H]([C@H](C)C[C@@H]2CC[C@@H](OC(=O)C(C)(CO)CO)[C@H](OC)C2)CC(=O)[C@H](C)/C=C(\C)[C@@H](O)[C@@H](OC)C(=O)[C@H](C)C[C@H](C)/C=C/C=C/C=C/1C
698,DB06335,N#C[C@@H]1C[C@@H]2C[C@@H]2N1C(=O)[C@@H](N)C12CC3CC(CC(O)(C3)C1)C2
699,DB06402,CCCCCCCCCCNCCN[C@@]1(C)C[C@H](O[C@H]2[C@H](Oc3c4cc5cc3Oc3ccc(cc3Cl)[C@@H](O)[C@@H](NC(=O)[C@@H](CC(C)C)NC)C(=O)N[C@@H](CC(N)=O)C(=O)N[C@H]5C(=O)N[C@H]3C(=O)N[C@H](C(=O)N[C@H](C(=O)O)c5cc(O)c(CNCP(=O)(O)O)c(O)c5-c5cc3ccc5O)[C@H](O)c3ccc(c(Cl)c3)O4)O[C@H](CO)[C@@H](O)[C@@H]2O)O[C@@H](C)[C@H]1O
700,DB06695,CCCCCCOC(=O)/N=C(/N)c1ccc(NCc2nc3cc(C(=O)N(CCC(=O)OCC)c4ccccn4)ccc3n2C)cc1
701,DB06698,CNCCc1ccccn1
702,DB06710,C[C@]1(O)CC[C@H]2[C@@H]3CCC4=CC(=O)CC[C@]4(C)[C@H]3CC[C@@]21C
703,DB06711,c1ccc2c(CC3=NCCN3)cccc2c1
704,DB06800,C[N@+]1(CC2CC2)CC[C@]23c4c5ccc(O)c4O[C@H]2C(=O)CC[C@@]3(O)[C@H]1C5
705,DB06811,CCCCCCCCCCCCOCCOCCOCCOCCOCCOCCOCCOCCOCCO
706,DB08826,Cc1c(O)c(=O)ccn1C
707,DB08860,O=C(O)C[C@H](O)C[C@H](O)/C=C/c1c(C2CC2)nc2ccccc2c1-c1ccc(F)cc1
